{
  "messi": {
    "backswing": {
      "R_hip": {"mean": 160.9468, "std": 9.532324783},
      "R_knee": {"mean": 170.78125, "std": 10.46103882},
      "R_ankle": {"mean": 145.489, "std": 3.524245262},
      "L_hip": {"mean": 171.7248571, "std": 11.36573581},
      "L_knee": {"mean": 71.0198, "std": 17.49788997},
      "L_ankle": {"mean": 153.983, "std": 11.84122082}
    },
    "impact": {
      "R_hip": {"mean": 149.321, "std": 14.2431464},
      "R_knee": {"mean": 168.0067143, "std": 6.840434483},
      "R_ankle": {"mean": 142.6363333, "std": 15.73840486},
      "L_hip": {"mean": 126.016, "std": 8.853215461},
      "L_knee": {"mean": 161.4106, "std": 13.47662239},
      "L_ankle": {"mean": 136.899, "std": 19.65173808}
    }
  },
  "ronaldo": {
    "backswing": {
      "R_hip": {"mean": 156.0967, "std": 11.39067},
      "R_knee": {"mean": 61.15573, "std": 18.01905},
      "R_ankle": {"mean": 146.4122, "std": 28.38302},
      "L_hip": {"mean": 154.2442, "std": 6.301532},
      "L_knee": {"mean": 175.1804, "std": 5.957248},
      "L_ankle": {"mean": 155.9201, "std": 20.688}
    },
    "impact": {
      "R_hip": {"mean": 118.0275, "std": 9.277196},
      "R_knee": {"mean": 168.6488, "std": 8.127587},
      "R_ankle": {"mean": 138.005, "std": 19.74243},
      "L_hip": {"mean": 140.3548, "std": 9.359457},
      "L_knee": {"mean": 169.4105, "std": 8.598768},
      "L_ankle": {"mean": 146.0102, "std": 15.86986}
    }
  }
}